ecan_rain_obs, "06 18"
ext_check_bgerr_ukmet, "00 06 12 18"
ext_check_frames_ukmet, "00 06 12 18"
ext_check_globalice_ukmet, "00"
ext_check_globalwind_ukmet, "00"
ext_check_obstore_ukmet, "00 06 12 18"
ext_check_sst_ukmet, "06"
ext_create_streamflow, "06 18"
ext_get_bgerr_ukmet, "00 06 12 18"
ext_get_clidbdata, "06 18"
ext_get_frames_ukmet, "00 06 12 18"
ext_get_globalice_ukmet, "00"
ext_get_globalwind_ukmet, "00"
ext_get_obstore_ukmet, "00 06 12 18"
ext_get_sst_ukmet, "06"
ext_get_streamq, "06 18"
get_um_output, "00 06 12 18"
globalnwp_conv_ice, "00"
globalnwp_conv_wind, "00"
globalnwp_housekeeping, "00"
globalnwp_ncl, "00"
globalnwp_products, "00"
globalwave_housekeeping, "00"
globalwave_ncl, "00"
globalwave_products, "00"
globalwave, "00"
make_alabc, "00 06 12 18"
mos_housekeeping, "06 18"
mos_nzlam_apply, "06 18"
mos_nzlam_coeffs, "06 18"
mos_nzlam_vp_5day, "06 18"
mos_nzlam_vp_curr, "06 18"
nzlam_conv_escape, "06 18"
nzlam_conv_met, "06 18"
nzlam_conv_sls, "00 06 12 18"
nzlam_conv_tn, "06 18"
nzlam_housekeeping, "00 06 12 18"
nzlam_ncl, "06 18"
nzlam_products, "06 18"
nztide_housekeeping, "06 18"
nztide_ncl, "06 18"
nztide_products, "06 18"
nztide, "06 18"
nzwave_housekeeping, "06 18"
nzwave_ncl, "06 18"
nzwave_products, "06 18"
nzwave, "00 06 12 18"
OPS_AircraftSonde, "00 06 12 18"
OPS_AIRS, "00 06 12 18"
OPS_ATOVS, "00 06 12 18"
OPS_GPSRO, "00 06 12 18"
OPS_IASI, "00 06 12 18"
OPS, "00 06 12 18"
OPS_Satwind, "00 06 12 18"
OPS_SurfaceScatt, "00 06 12 18"
ricom_housekeeping, "06 18"
ricom_ncl, "06 18"
ricom_products, "06 18"
ricom, "06 18"
sls_globalice_copy, "00"
sls_globalwind_copy, "00"
streamq_housekeeping, "06 18"
tn_llclean, "06 18"
topnet_housekeeping, "06 18"
topnet_ncl, "06 18"
topnet_products, "06 18"
topnet, "06 18"
ukmodata_housekeeping, "00 06 12 18"
UM_nzlam, "00 06 12 18"
UM_nzlam_recon, "00"
unpack_bgerr, "00 06 12 18"
unpack_frames, "00 06 12 18"
unpack_obstores, "00 06 12 18"
VAR_AnalysePF, "00 06 12 18"
VAR_ConfigureLS, "00 06 12 18"
